Số Mã Hóa,MY PAO SYSTEM,,
,P (Person),A (Action),O (Object)
00,Con Cao,Vuốt Ve,Con Chó
01,Bố Chí,Cưỡi phi nước đại,Con Trâu
02,U Cẩm,Nhổ Lông,Con Nhím
03,chị Chanh,Nướng,Con Mực
04,Cháu Chi,Thôi Miên,Con Rắn
05,Chị Cát,Vật Ngã,Cá Sấu
06,em Cúc,Đập,Cái Búa
07,anh Chung dạy English,Viết,Cục Phấn
08,Cháu Châu,Tắm ,Con Heo
09,Bạn Cường Quý,Dẫm lên,Con Gián
10,Bố Thịnh,Ấp,Tổ Chim
11,Cháu Tôn,Gãi,Tinh Tinh
12,Giám Đốc Tâm,Nằm đè,Tấm Nệm
13,chị Trang,Cạy cửa,Thang Máy
14,chị Thùy,Đổ đầy,Túi Rác
15,chú Thái,khuấy,Thùng Sơn
16,anh Tuấn The Zei,Đeo,Túi Balo
17,em Thành kỹ thuật,Bịt tai,Tai Phôn
18,Thế Anh kỹ sư,giật còi,Tàu Hỏa
19,ông Trương,Húc,Tê Giác
20,Con Ngọc,Hứng từng giọt,Nước Cất
21,anh Nam,Bay ra khỏi,Nhà Tù
22,cháu Nhất,Bắn tơ,Người Nhện
23,chị Nương,Chấm,Nước Mắm
24,cậu Nguyên,Hái,Nấm Rơm
25,chị Kim Nhung,Ngậm mãi,Nhân Sâm
26,chị Nga đồng tu,Dâng,Nhẫn Bạc
27,cháu Ninh,Ném,Nổ Pháo
28,anh Ngôn,Tiêm,Nghiện Hút
29,Chú Nghiêm toản,Đẩy xe lăn,Người già
30,bá Mạo,bấm cắt,Móng Chân
31,anh Minh công ty,Xoay ốc,Máy Tính
32,bà Mưu,ngoáy tai,Màng Nhĩ
33,em Mạnh đồng tu,Moi,Móc Mắt
34,Mẹ Xuân,Che,Mưa Rào
35,anh May,Uốn cong,Móc Sắt
36,Cháu Mai,Lái,Máy Bay
37,ông Món,xả súng,Ma Phia
38,bạn My,Liếm,Màn Hình
39,Tam Mao TV,Chui,Máy Giặt
40,Cháu Đễ (chồng Dung),Cưa qua lại,Răng Cưa
41,Bá Đông,Đan,Rổ Tre
42,anh Dương,Nhồi,Ruột Non
43,Cô Duy,Rắc đều,Rắc Muối
44,cháu Dũng,Đu,Ròng Rọc
45,Bác Dị,Múa,Rồng Sắt (gậy)
46,anh Đăng,Lắp Ráp,Rô Bốt
47,em Đoàn,giăng lưới,Rô Phi
48,Cháu Dung,Buộc,Rau Hẹ
49,Anh Đạt,Vặn Ga,Rồ Ga
50,Snoop Dog,Hút,Sữa Chua
51,chị Sinh,Quất Roi,Sư Tử
52,Đoàn Văn Sáng,Hôn má,Sọ Người
53,Stephen Hawking,Khâu,Sứt môi
54,ca sĩ Siu black,Ngửi,Sầu Riêng
55,chị Sợi,Gọt vỏ,Su Su
56,Pak Hang SEO,Lướt sóng,Sóng Biển
57,em Sỏi địa chính,Sạc điện,Sạc Pin
58,Em Sơn hà nội,Nhai,Su Hào
59,Cô Sen lao công,Lau sàn,Sàn Gỗ
60,Bạn Bích Bác Sĩ,Kẹp nhíp,Bọ Cạp
61,chị Biên,Xỏ lỗ,Bông Tai
62,Bác Bản ở chùa,luộc,Bắp Ngô
63,Anh Bảo,đuổi bắt,Bóng Ma
64,Big Daddy,Úp rổ,Bóng Rổ
65,Xuân Bắc,Bắt mạch,Bác Sĩ
66,Vợ Bình,Bơm phồng,Bóng Bay
67,Bill Gate,Gõ 10 ngón,Bàn Phím
68,Anh Bách Việt Mỹ,Chào điều lệnh,Bác Hồ
69,Bob Marley,Ôm,Bình Ga
70,bạn Phong,Nhảy dù cùng,Phi Công
71,Cô Phán thảo,Hóa trang thành,Phù Thủy
72,chú Phú,Khoan cắt bê tông,Phá Nhà
73,Pele,Sút bóng vào,Phát Minh
74,Cát Phượng,Vỗ phấn phủ mặt,Phấn Rôm
75,anh Phúc giám đốc,Xếp chân kiết già,Pháp Sư
76,Bá Phương,Đếm,Phong Bì
77,Phước Thịnh,Lạy 5 vóc,Phật Pháp
78,em Phi,châm lửa,Phóng Hỏa
79,Rapper Pháo,Hót xẻng,Phân Gà
80,cháu Hải,Vươn cổ,Hươu Cao Cổ
81,anh Hùng Liên,Chảy nước mắt,Hành Tây
82,chị Huyền,nếm,Hạt Nêm
83,Hoàng,Ói,Hộc Máu
84,anh Hợp hàng xóm,Leo qua tường,Hàng Rào
85,bà Hiên,Đào,Hố Sâu
86,anh Huy,Choàng Mặc,Hoàng Bào
87,sếp  Hạnh,Nhặt từng cánh,Hoa Phượng
88,em Hường,Xịt khử mùi,Miệng Hôi Hám
89,bà Hiệp,Sàng,Hạt Gạo
90,Cháu Loa,bóp cổ,Gà Chọi
91,Em Linh,Đấm bằng,Găng Tay
92,anh Lanh,Biến dài,Gậy Như Ý
93,bạn Loan,câu bằng,Giun Móc
94,Mùi A Lưu,Trà sát,Giấy Giáp
95,Em Long,tựa lưng,Ghế Sofa
96,Gì Liên,quạt ba tiêu,Gió Bão
97,Chú Liệu,Mở cửa,Giải Phóng
98,Em Leng,Quay phim,Máy Ghi Hình
99,Anh Lực,Trải phẳng,Ga Giường
Jc,Bác sĩ Gấm,rút dây,Giắc Cắm
Jr,Stive Jobs,Chạm nhẹ đầu ngón,Iphone
Jt,Jack 5 Củ ca sĩ,Hét,Inh Tai
Jb,Võ Nguyên Giáp,Phóng tên lửa,Người Khổng Lồ
qc,Chị Quế,tâng bằng đùi,Quả Cầu
qr,anh Quý,khoét,Quả rứa
qt,anh Quang,Cắn,Quả Táo
qb,Quỳnh anh,nghiền xay nát,Quả Bơ
kc,Khoa xuka,bật nguồn,Đầu TV K+
kr,Khoát,Cài,Kính Râm
kt,Bác Khoan,quấn,Khăn Tắm
kb,thầy Kiên,Dò bằng máy,Kho Báu